{
  "abw": "AW",
  "ac": "AC",
  "ad": "AD",
  "ae": "AE",
  "af": "AF",
  "afg": "AF",
  "afghanistan": "AF",
  "ag": "AG",
  "ago": "AO",
  "ai": "AI",
  "aia": "AI",
  "al": "AL",
  "ala": "AX",
  "alb": "AL",
  "albania": "AL",
  "algeria": "DZ",
  "am": "AM",
  "america": "US",
  "american samoa": "AS",
  "americansamoa": "AS",
  "and": "AD",
  "andorra": "AD",
  "angola": "AO",
  "anguilla": "AI",
  "antarctica": "AQ",
  "antigua & barbuda": "AG",
  "antiguabarbuda": "AG",
  "ao": "AO",
  "aq": "AQ",
  "ar": "AR",
  "are": "AE",
  "arg": "AR",
  "argentina": "AR",
  "arm": "AM",
  "armenia": "AM",
  "aruba": "AW",
  "as": "AS",
  "ascension island": "AC",
  "ascensionisland": "AC",
  "asm": "AS",
  "at": "AT",
  "ata": "AQ",
  "atf": "TF",
  "atg": "AG",
  "au": "AU",
  "aus": "AU",
  "australia": "AU",
  "austria": "AT",
  "aut": "AT",
  "aw": "AW",
  "ax": "AX",
  "az": "AZ",
  "aze": "AZ",
  "azerbaijan": "AZ",
  "ba": "BA",
  "bahamas": "BS",
  "bahrain": "BH",
  "bangladesh": "BD",
  "barbados": "BB",
  "bb": "BB",
  "bd": "BD",
  "bdi": "BI",
  "be": "BE",
  "bel": "BE",
  "belarus": "BY",
  "belgium": "BE",
  "belize": "BZ",
  "ben": "BJ",
  "benin": "BJ",
  "bermuda": "BM",
  "bes": "BQ",
  "bf": "BF",
  "bfa": "BF",
  "bg": "BG",
  "bgd": "BD",
  "bgr": "BG",
  "bh": "BH",
  "bhr": "BH",
  "bhs": "BS",
  "bhutan": "BT",
  "bi": "BI",
  "bih": "BA",
  "bj": "BJ",
  "bl": "BL",
  "blm": "BL",
  "blr": "BY",
  "blz": "BZ",
  "bm": "BM",
  "bmu": "BM",
  "bn": "BN",
  "bo": "BO",
  "bol": "BO",
  "bolivia": "BO",
  "bosnia & herzegovina": "BA",
  "bosniaherzegovina": "BA",
  "botswana": "BW",
  "bouvet island": "BV",
  "bouvetisland": "BV",
  "bq": "BQ",
  "br": "BR",
  "bra": "BR",
  "brazil": "BR",
  "brb": "BB",
  "british indian ocean territory": "IO",
  "british virgin islands": "VG",
  "britishindianoceanterritory": "IO",
  "britishvirginislands": "VG",
  "brn": "BN",
  "brunei": "BN",
  "bs": "BS",
  "bt": "BT",
  "btn": "BT",
  "bulgaria": "BG",
  "burkina faso": "BF",
  "burkinafaso": "BF",
  "burundi": "BI",
  "bv": "BV",
  "bvt": "BV",
  "bw": "BW",
  "bwa": "BW",
  "by": "BY",
  "bz": "BZ",
  "ca": "CA",
  "caf": "CF",
  "cambodia": "KH",
  "cameroon": "CM",
  "can": "CA",
  "canada": "CA",
  "canary islands": "IC",
  "canaryislands": "IC",
  "cape verde": "CV",
  "capeverde": "CV",
  "caribbean netherlands": "BQ",
  "caribbeannetherlands": "BQ",
  "cayman islands": "KY",
  "caymanislands": "KY",
  "cc": "CC",
  "cck": "CC",
  "cd": "CD",
  "central african republic": "CF",
  "centralafricanrepublic": "CF",
  "ceuta & melilla": "EA",
  "ceutamelilla": "EA",
  "cf": "CF",
  "cg": "CG",
  "ch": "CH",
  "chad": "TD",
  "che": "CH",
  "chile": "CL",
  "china": "CN",
  "chl": "CL",
  "chn": "CN",
  "christmas island": "CX",
  "christmasisland": "CX",
  "ci": "CI",
  "civ": "CI",
  "ck": "CK",
  "cl": "CL",
  "clipperton island": "CP",
  "clippertonisland": "CP",
  "cm": "CM",
  "cmr": "CM",
  "cn": "CN",
  "co": "CO",
  "cocos (keeling) islands": "CC",
  "cocoskeelingislands": "CC",
  "cod": "CD",
  "cog": "CG",
  "cok": "CK",
  "col": "CO",
  "colombia": "CO",
  "com": "KM",
  "comoros": "KM",
  "congo - brazzaville": "CG",
  "congo - kinshasa": "CD",
  "congobrazzaville": "CG",
  "congokinshasa": "CD",
  "cook islands": "CK",
  "cookislands": "CK",
  "costa rica": "CR",
  "costarica": "CR",
  "cp": "CP",
  "cpv": "CV",
  "cq": "CQ",
  "cr": "CR",
  "cri": "CR",
  "croatia": "HR",
  "ctedivoire": "CI",
  "cu": "CU",
  "cub": "CU",
  "cuba": "CU",
  "curaao": "CW",
  "curaçao": "CW",
  "cuw": "CW",
  "cv": "CV",
  "cw": "CW",
  "cx": "CX",
  "cxr": "CX",
  "cy": "CY",
  "cym": "KY",
  "cyp": "CY",
  "cyprus": "CY",
  "cz": "CZ",
  "cze": "CZ",
  "czechia": "CZ",
  "côte d’ivoire": "CI",
  "de": "DE",
  "denmark": "DK",
  "deu": "DE",
  "dg": "DG",
  "diego garcia": "DG",
  "diegogarcia": "DG",
  "dj": "DJ",
  "dji": "DJ",
  "djibouti": "DJ",
  "dk": "DK",
  "dm": "DM",
  "dma": "DM",
  "dnk": "DK",
  "do": "DO",
  "dom": "DO",
  "dominica": "DM",
  "dominican republic": "DO",
  "dominicanrepublic": "DO",
  "dz": "DZ",
  "dza": "DZ",
  "ea": "EA",
  "ec": "EC",
  "ecu": "EC",
  "ecuador": "EC",
  "ee": "EE",
  "eg": "EG",
  "egy": "EG",
  "egypt": "EG",
  "eh": "EH",
  "el salvador": "SV",
  "elsalvador": "SV",
  "equatorial guinea": "GQ",
  "equatorialguinea": "GQ",
  "er": "ER",
  "eri": "ER",
  "eritrea": "ER",
  "es": "ES",
  "esh": "EH",
  "esp": "ES",
  "est": "EE",
  "estonia": "EE",
  "eswatini": "SZ",
  "et": "ET",
  "eth": "ET",
  "ethiopia": "ET",
  "eu": "EU",
  "european union": "EU",
  "europeanunion": "EU",
  "eurozone": "EZ",
  "ez": "EZ",
  "falkland islands": "FK",
  "falklandislands": "FK",
  "faroe islands": "FO",
  "faroeislands": "FO",
  "fi": "FI",
  "fiji": "FJ",
  "fin": "FI",
  "finland": "FI",
  "fj": "FJ",
  "fji": "FJ",
  "fk": "FK",
  "flk": "FK",
  "fm": "FM",
  "fo": "FO",
  "fr": "FR",
  "fra": "FR",
  "france": "FR",
  "french guiana": "GF",
  "french polynesia": "PF",
  "french southern territories": "TF",
  "frenchguiana": "GF",
  "frenchpolynesia": "PF",
  "frenchsouthernterritories": "TF",
  "fro": "FO",
  "fsm": "FM",
  "ga": "GA",
  "gab": "GA",
  "gabon": "GA",
  "gambia": "GM",
  "gb": "GB",
  "gbr": "GB",
  "gd": "GD",
  "ge": "GE",
  "geo": "GE",
  "georgia": "GE",
  "germany": "DE",
  "gf": "GF",
  "gg": "GG",
  "ggy": "GG",
  "gh": "GH",
  "gha": "GH",
  "ghana": "GH",
  "gi": "GI",
  "gib": "GI",
  "gibraltar": "GI",
  "gin": "GN",
  "gl": "GL",
  "glp": "GP",
  "gm": "GM",
  "gmb": "GM",
  "gn": "GN",
  "gnb": "GW",
  "gnq": "GQ",
  "gp": "GP",
  "gq": "GQ",
  "gr": "GR",
  "grc": "GR",
  "grd": "GD",
  "greece": "GR",
  "greenland": "GL",
  "grenada": "GD",
  "grl": "GL",
  "gs": "GS",
  "gt": "GT",
  "gtm": "GT",
  "gu": "GU",
  "guadeloupe": "GP",
  "guam": "GU",
  "guatemala": "GT",
  "guernsey": "GG",
  "guf": "GF",
  "guinea": "GN",
  "guinea-bissau": "GW",
  "guineabissau": "GW",
  "gum": "GU",
  "guy": "GY",
  "guyana": "GY",
  "gw": "GW",
  "gy": "GY",
  "haiti": "HT",
  "heard & mcdonald islands": "HM",
  "heardmcdonaldislands": "HM",
  "hk": "HK",
  "hkg": "HK",
  "hm": "HM",
  "hmd": "HM",
  "hn": "HN",
  "hnd": "HN",
  "honduras": "HN",
  "hong kong": "HK",
  "hong kong sar china": "HK",
  "hongkong": "HK",
  "hongkongsarchina": "HK",
  "hr": "HR",
  "hrv": "HR",
  "ht": "HT",
  "hti": "HT",
  "hu": "HU",
  "hun": "HU",
  "hungary": "HU",
  "ic": "IC",
  "iceland": "IS",
  "id": "ID",
  "idn": "ID",
  "ie": "IE",
  "il": "IL",
  "im": "IM",
  "imn": "IM",
  "in": "IN",
  "ind": "IN",
  "india": "IN",
  "indonesia": "ID",
  "io": "IO",
  "iot": "IO",
  "iq": "IQ",
  "ir": "IR",
  "iran": "IR",
  "iraq": "IQ",
  "ireland": "IE",
  "irl": "IE",
  "irn": "IR",
  "irq": "IQ",
  "is": "IS",
  "isl": "IS",
  "isle of man": "IM",
  "isleofman": "IM",
  "isr": "IL",
  "israel": "IL",
  "it": "IT",
  "ita": "IT",
  "italy": "IT",
  "jam": "JM",
  "jamaica": "JM",
  "japan": "JP",
  "je": "JE",
  "jersey": "JE",
  "jey": "JE",
  "jm": "JM",
  "jo": "JO",
  "jor": "JO",
  "jordan": "JO",
  "jp": "JP",
  "jpn": "JP",
  "kaz": "KZ",
  "kazakhstan": "KZ",
  "ke": "KE",
  "ken": "KE",
  "kenya": "KE",
  "kg": "KG",
  "kgz": "KG",
  "kh": "KH",
  "khm": "KH",
  "ki": "KI",
  "kir": "KI",
  "kiribati": "KI",
  "km": "KM",
  "kn": "KN",
  "kna": "KN",
  "kor": "KR",
  "kosovo": "XK",
  "kp": "KP",
  "kr": "KR",
  "kuwait": "KW",
  "kw": "KW",
  "kwt": "KW",
  "ky": "KY",
  "kyrgyzstan": "KG",
  "kz": "KZ",
  "la": "LA",
  "landislands": "AX",
  "lao": "LA",
  "laos": "LA",
  "latvia": "LV",
  "lb": "LB",
  "lbn": "LB",
  "lbr": "LR",
  "lby": "LY",
  "lc": "LC",
  "lca": "LC",
  "lebanon": "LB",
  "lesotho": "LS",
  "li": "LI",
  "liberia": "LR",
  "libya": "LY",
  "lie": "LI",
  "liechtenstein": "LI",
  "lithuania": "LT",
  "lk": "LK",
  "lka": "LK",
  "lr": "LR",
  "ls": "LS",
  "lso": "LS",
  "lt": "LT",
  "ltu": "LT",
  "lu": "LU",
  "lux": "LU",
  "luxembourg": "LU",
  "lv": "LV",
  "lva": "LV",
  "ly": "LY",
  "ma": "MA",
  "mac": "MO",
  "macao sar china": "MO",
  "macaosarchina": "MO",
  "madagascar": "MG",
  "maf": "MF",
  "malawi": "MW",
  "malaysia": "MY",
  "maldives": "MV",
  "mali": "ML",
  "malta": "MT",
  "mar": "MA",
  "marshall islands": "MH",
  "marshallislands": "MH",
  "martinique": "MQ",
  "mauritania": "MR",
  "mauritius": "MU",
  "mayotte": "YT",
  "mc": "MC",
  "mco": "MC",
  "md": "MD",
  "mda": "MD",
  "mdg": "MG",
  "mdv": "MV",
  "me": "ME",
  "mex": "MX",
  "mexico": "MX",
  "mf": "MF",
  "mg": "MG",
  "mh": "MH",
  "mhl": "MH",
  "micronesia": "FM",
  "mk": "MK",
  "mkd": "MK",
  "ml": "ML",
  "mli": "ML",
  "mlt": "MT",
  "mm": "MM",
  "mmr": "MM",
  "mn": "MN",
  "mne": "ME",
  "mng": "MN",
  "mnp": "MP",
  "mo": "MO",
  "moldova": "MD",
  "monaco": "MC",
  "mongolia": "MN",
  "montenegro": "ME",
  "montserrat": "MS",
  "morocco": "MA",
  "moz": "MZ",
  "mozambique": "MZ",
  "mp": "MP",
  "mq": "MQ",
  "mr": "MR",
  "mrt": "MR",
  "ms": "MS",
  "msr": "MS",
  "mt": "MT",
  "mtq": "MQ",
  "mu": "MU",
  "mus": "MU",
  "mv": "MV",
  "mw": "MW",
  "mwi": "MW",
  "mx": "MX",
  "my": "MY",
  "myanmar (burma)": "MM",
  "myanmarburma": "MM",
  "mys": "MY",
  "myt": "YT",
  "mz": "MZ",
  "na": "NA",
  "nam": "NA",
  "namibia": "NA",
  "nauru": "NR",
  "nc": "NC",
  "ncl": "NC",
  "ne": "NE",
  "nepal": "NP",
  "ner": "NE",
  "netherlands": "NL",
  "new caledonia": "NC",
  "new zealand": "NZ",
  "newcaledonia": "NC",
  "newzealand": "NZ",
  "nf": "NF",
  "nfk": "NF",
  "ng": "NG",
  "nga": "NG",
  "ni": "NI",
  "nic": "NI",
  "nicaragua": "NI",
  "niger": "NE",
  "nigeria": "NG",
  "niu": "NU",
  "niue": "NU",
  "nl": "NL",
  "nld": "NL",
  "no": "NO",
  "nor": "NO",
  "norfolk island": "NF",
  "norfolkisland": "NF",
  "north korea": "KP",
  "north macedonia": "MK",
  "northern mariana islands": "MP",
  "northernmarianaislands": "MP",
  "northkorea": "KP",
  "northmacedonia": "MK",
  "norway": "NO",
  "np": "NP",
  "npl": "NP",
  "nr": "NR",
  "nru": "NR",
  "nu": "NU",
  "nz": "NZ",
  "nzl": "NZ",
  "om": "OM",
  "oman": "OM",
  "omn": "OM",
  "outlying oceania": "QO",
  "outlyingoceania": "QO",
  "pa": "PA",
  "pak": "PK",
  "pakistan": "PK",
  "palau": "PW",
  "palestinian territories": "PS",
  "palestinianterritories": "PS",
  "pan": "PA",
  "panama": "PA",
  "papua new guinea": "PG",
  "papuanewguinea": "PG",
  "paraguay": "PY",
  "pcn": "PN",
  "pe": "PE",
  "per": "PE",
  "peru": "PE",
  "pf": "PF",
  "pg": "PG",
  "ph": "PH",
  "philippines": "PH",
  "phl": "PH",
  "pitcairn islands": "PN",
  "pitcairnislands": "PN",
  "pk": "PK",
  "pl": "PL",
  "plw": "PW",
  "pm": "PM",
  "pn": "PN",
  "png": "PG",
  "pol": "PL",
  "poland": "PL",
  "portugal": "PT",
  "pr": "PR",
  "pri": "PR",
  "prk": "KP",
  "prt": "PT",
  "pry": "PY",
  "ps": "PS",
  "pse": "PS",
  "pseudo-accents": "XA",
  "pseudo-bidi": "XB",
  "pseudoaccents": "XA",
  "pseudobidi": "XB",
  "pt": "PT",
  "puerto rico": "PR",
  "puertorico": "PR",
  "pw": "PW",
  "py": "PY",
  "pyf": "PF",
  "qa": "QA",
  "qat": "QA",
  "qatar": "QA",
  "qo": "QO",
  "re": "RE",
  "reu": "RE",
  "ro": "RO",
  "romania": "RO",
  "rou": "RO",
  "rs": "RS",
  "ru": "RU",
  "runion": "RE",
  "rus": "RU",
  "russia": "RU",
  "rw": "RW",
  "rwa": "RW",
  "rwanda": "RW",
  "réunion": "RE",
  "sa": "SA",
  "samoa": "WS",
  "san marino": "SM",
  "sanmarino": "SM",
  "sark": "CQ",
  "sau": "SA",
  "saudi arabia": "SA",
  "saudiarabia": "SA",
  "sb": "SB",
  "sc": "SC",
  "sd": "SD",
  "sdn": "SD",
  "se": "SE",
  "sen": "SN",
  "senegal": "SN",
  "serbia": "RS",
  "seychelles": "SC",
  "sg": "SG",
  "sgp": "SG",
  "sgs": "GS",
  "sh": "SH",
  "shn": "SH",
  "si": "SI",
  "sierra leone": "SL",
  "sierraleone": "SL",
  "singapore": "SG",
  "sint maarten": "SX",
  "sintmaarten": "SX",
  "sj": "SJ",
  "sjm": "SJ",
  "sk": "SK",
  "sl": "SL",
  "slb": "SB",
  "sle": "SL",
  "slovakia": "SK",
  "slovenia": "SI",
  "slv": "SV",
  "sm": "SM",
  "smr": "SM",
  "sn": "SN",
  "so": "SO",
  "solomon islands": "SB",
  "solomonislands": "SB",
  "som": "SO",
  "somalia": "SO",
  "sotomprncipe": "ST",
  "south africa": "ZA",
  "south georgia & south sandwich islands": "GS",
  "south korea": "KR",
  "south sudan": "SS",
  "southafrica": "ZA",
  "southgeorgiasouthsandwichislands": "GS",
  "southkorea": "KR",
  "southsudan": "SS",
  "spain": "ES",
  "spm": "PM",
  "sr": "SR",
  "srb": "RS",
  "sri lanka": "LK",
  "srilanka": "LK",
  "ss": "SS",
  "ssd": "SS",
  "st": "ST",
  "st. barthélemy": "BL",
  "st. helena": "SH",
  "st. kitts & nevis": "KN",
  "st. lucia": "LC",
  "st. martin": "MF",
  "st. pierre & miquelon": "PM",
  "st. vincent & grenadines": "VC",
  "stbarthlemy": "BL",
  "sthelena": "SH",
  "stkittsnevis": "KN",
  "stlucia": "LC",
  "stmartin": "MF",
  "stp": "ST",
  "stpierremiquelon": "PM",
  "stvincentgrenadines": "VC",
  "sudan": "SD",
  "sur": "SR",
  "suriname": "SR",
  "sv": "SV",
  "svalbard & jan mayen": "SJ",
  "svalbardjanmayen": "SJ",
  "svk": "SK",
  "svn": "SI",
  "swe": "SE",
  "sweden": "SE",
  "switzerland": "CH",
  "swz": "SZ",
  "sx": "SX",
  "sxm": "SX",
  "sy": "SY",
  "syc": "SC",
  "syr": "SY",
  "syria": "SY",
  "sz": "SZ",
  "são tomé & príncipe": "ST",
  "ta": "TA",
  "taiwan": "TW",
  "tajikistan": "TJ",
  "tanzania": "TZ",
  "tc": "TC",
  "tca": "TC",
  "tcd": "TD",
  "td": "TD",
  "tf": "TF",
  "tg": "TG",
  "tgo": "TG",
  "th": "TH",
  "tha": "TH",
  "thailand": "TH",
  "timor-leste": "TL",
  "timorleste": "TL",
  "tj": "TJ",
  "tjk": "TJ",
  "tk": "TK",
  "tkl": "TK",
  "tkm": "TM",
  "tl": "TL",
  "tls": "TL",
  "tm": "TM",
  "tn": "TN",
  "to": "TO",
  "togo": "TG",
  "tokelau": "TK",
  "ton": "TO",
  "tonga": "TO",
  "tr": "TR",
  "trinidad & tobago": "TT",
  "trinidadtobago": "TT",
  "tristan da cunha": "TA",
  "tristandacunha": "TA",
  "trkiye": "TR",
  "tt": "TT",
  "tto": "TT",
  "tun": "TN",
  "tunisia": "TN",
  "tur": "TR",
  "turkmenistan": "TM",
  "turks & caicos islands": "TC",
  "turkscaicosislands": "TC",
  "tuv": "TV",
  "tuvalu": "TV",
  "tv": "TV",
  "tw": "TW",
  "twn": "TW",
  "tz": "TZ",
  "tza": "TZ",
  "türkiye": "TR",
  "u.s.": "US",
  "u.s. outlying islands": "UM",
  "u.s. virgin islands": "VI",
  "ua": "UA",
  "ug": "UG",
  "uga": "UG",
  "uganda": "UG",
  "uk": "GB",
  "ukr": "UA",
  "ukraine": "UA",
  "um": "UM",
  "umi": "UM",
  "un": "UN",
  "united arab emirates": "AE",
  "united kingdom": "GB",
  "united nations": "UN",
  "united states": "US",
  "unitedarabemirates": "AE",
  "unitedkingdom": "GB",
  "unitednations": "UN",
  "unitedstates": "US",
  "unknown region": "ZZ",
  "unknownregion": "ZZ",
  "uruguay": "UY",
  "ury": "UY",
  "us": "US",
  "usa": "US",
  "usoutlyingislands": "UM",
  "usvirginislands": "VI",
  "uy": "UY",
  "uz": "UZ",
  "uzb": "UZ",
  "uzbekistan": "UZ",
  "va": "VA",
  "vanuatu": "VU",
  "vat": "VA",
  "vatican city": "VA",
  "vaticancity": "VA",
  "vc": "VC",
  "vct": "VC",
  "ve": "VE",
  "ven": "VE",
  "venezuela": "VE",
  "vg": "VG",
  "vgb": "VG",
  "vi": "VI",
  "vietnam": "VN",
  "vir": "VI",
  "vn": "VN",
  "vnm": "VN",
  "vu": "VU",
  "vut": "VU",
  "wallis & futuna": "WF",
  "wallisfutuna": "WF",
  "western sahara": "EH",
  "westernsahara": "EH",
  "wf": "WF",
  "wlf": "WF",
  "ws": "WS",
  "wsm": "WS",
  "xa": "XA",
  "xb": "XB",
  "xk": "XK",
  "ye": "YE",
  "yem": "YE",
  "yemen": "YE",
  "yt": "YT",
  "za": "ZA",
  "zaf": "ZA",
  "zambia": "ZM",
  "zimbabwe": "ZW",
  "zm": "ZM",
  "zmb": "ZM",
  "zw": "ZW",
  "zwe": "ZW",
  "zz": "ZZ",
  "åland islands": "AX",
  "不丹": "BT",
  "东帝汶": "TL",
  "中国": "CN",
  "中国澳门特别行政区": "MO",
  "中国香港特别行政区": "HK",
  "中非共和国": "CF",
  "丹麦": "DK",
  "乌克兰": "UA",
  "乌兹别克斯坦": "UZ",
  "乌干达": "UG",
  "乌拉圭": "UY",
  "乍得": "TD",
  "也门": "YE",
  "亚美尼亚": "AM",
  "以色列": "IL",
  "伊拉克": "IQ",
  "伊朗": "IR",
  "休达及梅利利亚": "EA",
  "伪双向语言地区": "XB",
  "伪地区": "XA",
  "伯利兹": "BZ",
  "佛得角": "CV",
  "俄罗斯": "RU",
  "保加利亚": "BG",
  "克利珀顿岛": "CP",
  "克罗地亚": "HR",
  "关岛": "GU",
  "冈比亚": "GM",
  "冰岛": "IS",
  "几内亚": "GN",
  "几内亚比绍": "GW",
  "列支敦士登": "LI",
  "刚果（布）": "CG",
  "刚果（金）": "CD",
  "利比亚": "LY",
  "利比里亚": "LR",
  "加拿大": "CA",
  "加纳": "GH",
  "加纳利群岛": "IC",
  "加蓬": "GA",
  "匈牙利": "HU",
  "北马其顿": "MK",
  "北马里亚纳群岛": "MP",
  "南乔治亚和南桑威奇群岛": "GS",
  "南极洲": "AQ",
  "南苏丹": "SS",
  "南非": "ZA",
  "博茨瓦纳": "BW",
  "卡塔尔": "QA",
  "卢旺达": "RW",
  "卢森堡": "LU",
  "印度": "IN",
  "印度尼西亚": "ID",
  "危地马拉": "GT",
  "厄瓜多尔": "EC",
  "厄立特里亚": "ER",
  "叙利亚": "SY",
  "古巴": "CU",
  "台湾": "TW",
  "吉尔吉斯斯坦": "KG",
  "吉布提": "DJ",
  "哈萨克斯坦": "KZ",
  "哥伦比亚": "CO",
  "哥斯达黎加": "CR",
  "喀麦隆": "CM",
  "图瓦卢": "TV",
  "土库曼斯坦": "TM",
  "土耳其": "TR",
  "圣卢西亚": "LC",
  "圣基茨和尼维斯": "KN",
  "圣多美和普林西比": "ST",
  "圣巴泰勒米": "BL",
  "圣文森特和格林纳丁斯": "VC",
  "圣皮埃尔和密克隆群岛": "PM",
  "圣诞岛": "CX",
  "圣赫勒拿": "SH",
  "圣马力诺": "SM",
  "圭亚那": "GY",
  "坦桑尼亚": "TZ",
  "埃及": "EG",
  "埃塞俄比亚": "ET",
  "基里巴斯": "KI",
  "塔吉克斯坦": "TJ",
  "塞内加尔": "SN",
  "塞尔维亚": "RS",
  "塞拉利昂": "SL",
  "塞浦路斯": "CY",
  "塞舌尔": "SC",
  "墨西哥": "MX",
  "多哥": "TG",
  "多米尼克": "DM",
  "多米尼加共和国": "DO",
  "大洋洲边远群岛": "QO",
  "奥兰群岛": "AX",
  "奥地利": "AT",
  "委内瑞拉": "VE",
  "孟加拉国": "BD",
  "安哥拉": "AO",
  "安圭拉": "AI",
  "安提瓜和巴布达": "AG",
  "安道尔": "AD",
  "密克罗尼西亚": "FM",
  "尼加拉瓜": "NI",
  "尼日利亚": "NG",
  "尼日尔": "NE",
  "尼泊尔": "NP",
  "巴勒斯坦领土": "PS",
  "巴哈马": "BS",
  "巴基斯坦": "PK",
  "巴巴多斯": "BB",
  "巴布亚新几内亚": "PG",
  "巴拉圭": "PY",
  "巴拿马": "PA",
  "巴林": "BH",
  "巴西": "BR",
  "布基纳法索": "BF",
  "布隆迪": "BI",
  "布韦岛": "BV",
  "希腊": "GR",
  "帕劳": "PW",
  "库克群岛": "CK",
  "库拉索": "CW",
  "开曼群岛": "KY",
  "德国": "DE",
  "意大利": "IT",
  "所罗门群岛": "SB",
  "托克劳": "TK",
  "拉脱维亚": "LV",
  "挪威": "NO",
  "捷克": "CZ",
  "摩尔多瓦": "MD",
  "摩洛哥": "MA",
  "摩纳哥": "MC",
  "文莱": "BN",
  "斐济": "FJ",
  "斯威士兰": "SZ",
  "斯洛伐克": "SK",
  "斯洛文尼亚": "SI",
  "斯瓦尔巴和扬马延": "SJ",
  "斯里兰卡": "LK",
  "新加坡": "SG",
  "新喀里多尼亚": "NC",
  "新西兰": "NZ",
  "日本": "JP",
  "智利": "CL",
  "朝鲜": "KP",
  "未知地区": "ZZ",
  "柬埔寨": "KH",
  "根西岛": "GG",
  "格林纳达": "GD",
  "格陵兰": "GL",
  "格鲁吉亚": "GE",
  "梵蒂冈": "VA",
  "欧元区": "EZ",
  "欧盟": "EU",
  "比利时": "BE",
  "毛里塔尼亚": "MR",
  "毛里求斯": "MU",
  "汤加": "TO",
  "沙特阿拉伯": "SA",
  "法国": "FR",
  "法属南部领地": "TF",
  "法属圣马丁": "MF",
  "法属圭亚那": "GF",
  "法属波利尼西亚": "PF",
  "法罗群岛": "FO",
  "波兰": "PL",
  "波多黎各": "PR",
  "波斯尼亚和黑塞哥维那": "BA",
  "泰国": "TH",
  "泽西岛": "JE",
  "津巴布韦": "ZW",
  "洪都拉斯": "HN",
  "海地": "HT",
  "港": "HK",
  "澳大利亚": "AU",
  "爱尔兰": "IE",
  "爱沙尼亚": "EE",
  "牙买加": "JM",
  "特克斯和凯科斯群岛": "TC",
  "特立尼达和多巴哥": "TT",
  "特里斯坦-达库尼亚群岛": "TA",
  "玻利维亚": "BO",
  "瑙鲁": "NR",
  "瑞典": "SE",
  "瑞士": "CH",
  "瓜德罗普": "GP",
  "瓦利斯和富图纳": "WF",
  "瓦努阿图": "VU",
  "留尼汪": "RE",
  "白俄罗斯": "BY",
  "百慕大": "BM",
  "皮特凯恩群岛": "PN",
  "直布罗陀": "GI",
  "福克兰群岛": "FK",
  "科威特": "KW",
  "科摩罗": "KM",
  "科特迪瓦": "CI",
  "科科斯（基林）群岛": "CC",
  "科索沃": "XK",
  "秘鲁": "PE",
  "突尼斯": "TN",
  "立陶宛": "LT",
  "索马里": "SO",
  "约旦": "JO",
  "纳米比亚": "NA",
  "纽埃": "NU",
  "缅甸": "MM",
  "罗马尼亚": "RO",
  "美": "US",
  "美国": "US",
  "美国本土外小岛屿": "UM",
  "美属维尔京群岛": "VI",
  "美属萨摩亚": "AS",
  "老挝": "LA",
  "联合国": "UN",
  "肯尼亚": "KE",
  "芬兰": "FI",
  "苏丹": "SD",
  "苏里南": "SR",
  "英国": "GB",
  "英属印度洋领地": "IO",
  "英属维尔京群岛": "VG",
  "荷兰": "NL",
  "荷属加勒比区": "BQ",
  "荷属圣马丁": "SX",
  "莫桑比克": "MZ",
  "莱索托": "LS",
  "菲律宾": "PH",
  "萨克岛": "CQ",
  "萨尔瓦多": "SV",
  "萨摩亚": "WS",
  "葡萄牙": "PT",
  "蒙古": "MN",
  "蒙特塞拉特": "MS",
  "西撒哈拉": "EH",
  "西班牙": "ES",
  "诺福克岛": "NF",
  "贝宁": "BJ",
  "赞比亚": "ZM",
  "赤道几内亚": "GQ",
  "赫德岛和麦克唐纳群岛": "HM",
  "越南": "VN",
  "迪戈加西亚岛": "DG",
  "阿塞拜疆": "AZ",
  "阿富汗": "AF",
  "阿尔及利亚": "DZ",
  "阿尔巴尼亚": "AL",
  "阿拉伯联合酋长国": "AE",
  "阿曼": "OM",
  "阿根廷": "AR",
  "阿森松岛": "AC",
  "阿鲁巴": "AW",
  "韩国": "KR",
  "香港": "HK",
  "马尔代夫": "MV",
  "马恩岛": "IM",
  "马拉维": "MW",
  "马提尼克": "MQ",
  "马来西亚": "MY",
  "马约特": "YT",
  "马绍尔群岛": "MH",
  "马耳他": "MT",
  "马达加斯加": "MG",
  "马里": "ML",
  "黎巴嫩": "LB",
  "黑山": "ME"
}
